calculator_name,calculator_url,query,normalized_query,clicks,impressions,ctr,average_position,period_start,period_end,position_group,query_character,seo_review_status,direct_relevance
연봉 실수령액,https://gyesanbox.kr/calculators/salary/,기준소득월액 실수령액 차이,기준소득월액 실수령액 차이,0,28,0%,10.68,2026-06-24,2026-08-04,11~20위,제도·기준 확인,순위 개선 후보,예
연봉 실수령액,https://gyesanbox.kr/calculators/salary/,비과세액 계산,비과세액 계산,0,3,0%,10.67,2026-06-24,2026-08-04,11~20위,계산 방법 검색,순위 개선 후보,예
연봉 실수령액,https://gyesanbox.kr/calculators/salary/,2027 연봉 실수령액,2027 연봉 실수령액,0,2,0%,8.5,2026-06-24,2026-08-04,4~10위,제도·기준 확인,데이터 부족,예
연봉 실수령액,https://gyesanbox.kr/calculators/salary/,월급여 실수령액 계산기,월급여 실수령액 계산기,0,2,0%,10.5,2026-06-24,2026-08-04,11~20위,계산기 직접 검색,데이터 부족,예
연봉 실수령액,https://gyesanbox.kr/calculators/salary/,상여금 실수령액 계산기,상여금 실수령액 계산기,0,2,0%,11,2026-06-24,2026-08-04,11~20위,계산기 직접 검색,데이터 부족,예
연봉 실수령액,https://gyesanbox.kr/calculators/salary/,월급 공제액,월급 공제액,0,1,0%,7,2026-06-24,2026-08-04,4~10위,제도·기준 확인,데이터 부족,예
연봉 실수령액,https://gyesanbox.kr/calculators/salary/,연봉 비과세액,연봉 비과세액,0,1,0%,12,2026-06-24,2026-08-04,11~20위,제도·기준 확인,데이터 부족,예
2026 4대보험,https://gyesanbox.kr/calculators/social-insurance/,국민연금 납부액 계산기,국민연금 납부액 계산기,0,29,0%,10.62,2026-06-24,2026-08-04,11~20위,계산기 직접 검색,순위 개선 후보,예
2026 4대보험,https://gyesanbox.kr/calculators/social-insurance/,4대보험 공제액,4대보험 공제액,0,1,0%,21,2026-06-24,2026-08-04,21~50위,제도·기준 확인,데이터 부족,예
2026 4대보험,https://gyesanbox.kr/calculators/social-insurance/,사대보험 계산기,사대보험 계산기,0,1,0%,52,2026-06-24,2026-08-04,51위 이하,계산기 직접 검색,데이터 부족,예
2026 4대보험,https://gyesanbox.kr/calculators/social-insurance/,2026년 4대보험 계산기,2026년 4대보험 계산기,0,1,0%,62,2026-06-24,2026-08-04,51위 이하,계산기 직접 검색,데이터 부족,예
2026 4대보험,https://gyesanbox.kr/calculators/social-insurance/,고용 보험료 계산,고용 보험료 계산,0,1,0%,65,2026-06-24,2026-08-04,51위 이하,계산 방법 검색,데이터 부족,예
주휴수당,https://gyesanbox.kr/calculators/labor-pay/,주휴 수당 계산,주휴 수당 계산,0,3,0%,53,2026-06-24,2026-08-04,51위 이하,계산 방법 검색,관찰 필요,예
주휴수당,https://gyesanbox.kr/calculators/labor-pay/,주급 주휴수당,주급 주휴수당,0,1,0%,17,2026-06-24,2026-08-04,11~20위,제도·기준 확인,데이터 부족,예
주휴수당,https://gyesanbox.kr/calculators/labor-pay/,한달 주휴수당 계산기,한달 주휴수당 계산기,0,1,0%,54,2026-06-24,2026-08-04,51위 이하,계산기 직접 검색,데이터 부족,예
퇴직금,https://gyesanbox.kr/calculators/severance/,통상임금 퇴직금 계산기,통상임금 퇴직금 계산기,0,2,0%,48.5,2026-06-24,2026-08-04,21~50위,계산기 직접 검색,데이터 부족,예
실업급여,https://gyesanbox.kr/calculators/unemployment/,고용보험법 시행령 제68조 구직급여일액 상한액 68100,고용보험법 시행령 제68조 구직급여일액 상한액 68100,0,7,0%,9.29,2026-06-24,2026-08-04,4~10위,법령·상담형,관찰 필요,예
실업급여,https://gyesanbox.kr/calculators/unemployment/,국가법령정보센터 고용보험법 시행령 제68조 2026 68100,국가법령정보센터 고용보험법 시행령 제68조 2026 68100,0,4,0%,9.25,2026-06-24,2026-08-04,4~10위,법령·상담형,관찰 필요,예
실업급여,https://gyesanbox.kr/calculators/unemployment/,국가법령정보센터 고용보험법 시행령 제68조 113500 2026,국가법령정보센터 고용보험법 시행령 제68조 113500 2026,0,3,0%,11,2026-06-24,2026-08-04,11~20위,법령·상담형,관찰 필요,예
실업급여,https://gyesanbox.kr/calculators/unemployment/,실업급여 기간 계산,실업급여 기간 계산,0,3,0%,41.67,2026-06-24,2026-08-04,21~50위,계산 방법 검색,콘텐츠 확장 후보,예
실업급여,https://gyesanbox.kr/calculators/unemployment/,실업 급여 기간 계산,실업 급여 기간 계산,0,3,0%,43,2026-06-24,2026-08-04,21~50위,계산 방법 검색,콘텐츠 확장 후보,예
실업급여,https://gyesanbox.kr/calculators/unemployment/,고용보험법 시행령 2026 구직급여 상한액 68100 국가법령정보센터,고용보험법 시행령 2026 구직급여 상한액 68100 국가법령정보센터,0,2,0%,6,2026-06-24,2026-08-04,4~10위,법령·상담형,데이터 부족,예
실업급여,https://gyesanbox.kr/calculators/unemployment/,고용보험법 시행령 제68조 구직급여일액 상한액 68100 2026,고용보험법 시행령 제68조 구직급여일액 상한액 68100 2026,0,2,0%,10,2026-06-24,2026-08-04,4~10위,법령·상담형,데이터 부족,예
실업급여,https://gyesanbox.kr/calculators/unemployment/,고용보험법 시행령 제68조 구직급여일액 상한액 2026 68100,고용보험법 시행령 제68조 구직급여일액 상한액 2026 68100,0,2,0%,11,2026-06-24,2026-08-04,11~20위,법령·상담형,데이터 부족,예
실업급여,https://gyesanbox.kr/calculators/unemployment/,월급 80 만원 실업급여,월급 80 만원 실업급여,0,2,0%,11,2026-06-24,2026-08-04,11~20위,금액·기간 입력 사례,데이터 부족,예
실업급여,https://gyesanbox.kr/calculators/unemployment/,실업급여 계산방법,실업급여 계산방법,0,2,0%,38,2026-06-24,2026-08-04,21~50위,계산 방법 검색,데이터 부족,예
실업급여,https://gyesanbox.kr/calculators/unemployment/,국가법령정보센터 고용보험법 시행령 구직급여 상한액 68100 2026,국가법령정보센터 고용보험법 시행령 구직급여 상한액 68100 2026,0,1,0%,1,2026-06-24,2026-08-04,1~3위,법령·상담형,데이터 부족,예
실업급여,https://gyesanbox.kr/calculators/unemployment/,고용보험법 시행령 구직급여일액 하한액 최저임금 80%,고용보험법 시행령 구직급여일액 하한액 최저임금 80%,0,1,0%,7,2026-06-24,2026-08-04,4~10위,법령·상담형,데이터 부족,예
실업급여,https://gyesanbox.kr/calculators/unemployment/,2026 구직급여 상한액 하한액 1일 고용보험 공식,2026 구직급여 상한액 하한액 1일 고용보험 공식,0,1,0%,9,2026-06-24,2026-08-04,4~10위,제도·기준 확인,데이터 부족,예
실업급여,https://gyesanbox.kr/calculators/unemployment/,고용보험법 시행규칙 1일 소정근로시간 실업급여 하한액,고용보험법 시행규칙 1일 소정근로시간 실업급여 하한액,0,1,0%,9,2026-06-24,2026-08-04,4~10위,법령·상담형,데이터 부족,예
실업급여,https://gyesanbox.kr/calculators/unemployment/,고용보험법 시행령 구직급여일액 상한액 68100,고용보험법 시행령 구직급여일액 상한액 68100,0,1,0%,10,2026-06-24,2026-08-04,4~10위,법령·상담형,데이터 부족,예
실업급여,https://gyesanbox.kr/calculators/unemployment/,고용보험법 시행령 제68조 구직급여일액 하한액 소정근로시간,고용보험법 시행령 제68조 구직급여일액 하한액 소정근로시간,0,1,0%,10,2026-06-24,2026-08-04,4~10위,법령·상담형,데이터 부족,예
실업급여,https://gyesanbox.kr/calculators/unemployment/,구직급여 상한액 68100 고용노동부,구직급여 상한액 68100 고용노동부,0,1,0%,10,2026-06-24,2026-08-04,4~10위,법령·상담형,데이터 부족,예
실업급여,https://gyesanbox.kr/calculators/unemployment/,2026 구직급여 하한액 66048 상한액 66000 고용노동부,2026 구직급여 하한액 66048 상한액 66000 고용노동부,0,1,0%,11,2026-06-24,2026-08-04,11~20위,법령·상담형,데이터 부족,예
실업급여,https://gyesanbox.kr/calculators/unemployment/,"2026 실업급여 구직급여 상한액 하한액 소정급여일수 고용보험 
공식",2026 실업급여 구직급여 상한액 하한액 소정급여일수 고용보험 공식,0,1,0%,11,2026-06-24,2026-08-04,11~20위,제도·기준 확인,데이터 부족,예
실업급여,https://gyesanbox.kr/calculators/unemployment/,"국가법령정보센터 고용보험법 시행령 별표 구직급여 상한액 
68100",국가법령정보센터 고용보험법 시행령 별표 구직급여 상한액 68100,0,1,0%,11,2026-06-24,2026-08-04,11~20위,법령·상담형,데이터 부족,예
실업급여,https://gyesanbox.kr/calculators/unemployment/,고용24 실업급여 계산,고용24 실업급여 계산,0,1,0%,21,2026-06-24,2026-08-04,21~50위,브랜드·서비스명,데이터 부족,예
실업급여,https://gyesanbox.kr/calculators/unemployment/,고용보험 실업급여 계산,고용보험 실업급여 계산,0,1,0%,36,2026-06-24,2026-08-04,21~50위,계산 방법 검색,데이터 부족,예
실업급여,https://gyesanbox.kr/calculators/unemployment/,실업급여 계산기 2026,실업급여 계산기 2026,0,1,0%,37,2026-06-24,2026-08-04,21~50위,계산기 직접 검색,데이터 부족,예
실업급여,https://gyesanbox.kr/calculators/unemployment/,실업 급여 계산,실업 급여 계산,0,1,0%,40,2026-06-24,2026-08-04,21~50위,계산 방법 검색,데이터 부족,예
실업급여,https://gyesanbox.kr/calculators/unemployment/,실업급여 계산,실업급여 계산,0,1,0%,45,2026-06-24,2026-08-04,21~50위,계산 방법 검색,데이터 부족,예
육아휴직급여,https://gyesanbox.kr/calculators/parental-leave/,육아휴직 급여 계산기,육아휴직 급여 계산기,0,7,0%,33.71,2026-06-24,2026-08-04,21~50위,계산기 직접 검색,콘텐츠 확장 후보,예
육아휴직급여,https://gyesanbox.kr/calculators/parental-leave/,육아휴직급여 계산기,육아휴직급여 계산기,0,6,0%,33.67,2026-06-24,2026-08-04,21~50위,계산기 직접 검색,콘텐츠 확장 후보,예
육아휴직급여,https://gyesanbox.kr/calculators/parental-leave/,육아휴직기간계산기,육아휴직기간계산기,0,5,0%,40.8,2026-06-24,2026-08-04,21~50위,계산기 직접 검색,콘텐츠 확장 후보,예
육아휴직급여,https://gyesanbox.kr/calculators/parental-leave/,육아휴직 기간 계산기,육아휴직 기간 계산기,0,4,0%,39.5,2026-06-24,2026-08-04,21~50위,계산기 직접 검색,콘텐츠 확장 후보,예
육아휴직급여,https://gyesanbox.kr/calculators/parental-leave/,육아휴직급여 계산,육아휴직급여 계산,0,1,0%,11,2026-06-24,2026-08-04,11~20위,계산 방법 검색,데이터 부족,예
육아휴직급여,https://gyesanbox.kr/calculators/parental-leave/,6+6 육아휴직 급여 계산,6+6 육아휴직 급여 계산,0,1,0%,39,2026-06-24,2026-08-04,21~50위,계산 방법 검색,데이터 부족,예
육아휴직급여,https://gyesanbox.kr/calculators/parental-leave/,육아휴직 급여 계산,육아휴직 급여 계산,0,1,0%,46,2026-06-24,2026-08-04,21~50위,계산 방법 검색,데이터 부족,예
대출 이자,https://gyesanbox.kr/calculators/loan/,원리금 계산기,원리금 계산기,0,15,0%,9.4,2026-06-24,2026-08-04,4~10위,계산기 직접 검색,CTR 개선 후보,예
대출 이자,https://gyesanbox.kr/calculators/loan/,원리금균등분할상환 계산기,원리금균등분할상환 계산기,0,6,0%,11,2026-06-24,2026-08-04,11~20위,계산기 직접 검색,순위 개선 후보,예
대출 이자,https://gyesanbox.kr/calculators/loan/,원금균등상환 계산기,원금균등상환 계산기,0,1,0%,10,2026-06-24,2026-08-04,4~10위,계산기 직접 검색,데이터 부족,예
대출 이자,https://gyesanbox.kr/calculators/loan/,원리금 균등 분할 상환 계산기,원리금 균등 분할 상환 계산기,0,1,0%,10,2026-06-24,2026-08-04,4~10위,계산기 직접 검색,데이터 부족,예
대출 이자,https://gyesanbox.kr/calculators/loan/,체증식 분할상환 계산기,체증식 분할상환 계산기,0,1,0%,10,2026-06-24,2026-08-04,4~10위,계산기 직접 검색,데이터 부족,예
대출 이자,https://gyesanbox.kr/calculators/loan/,원리균등상환 계산기,원리균등상환 계산기,0,1,0%,11,2026-06-24,2026-08-04,11~20위,계산기 직접 검색,데이터 부족,예
대출 이자,https://gyesanbox.kr/calculators/loan/,원리금균등상환 계산기,원리금균등상환 계산기,0,1,0%,11,2026-06-24,2026-08-04,11~20위,계산기 직접 검색,데이터 부족,예
대출 이자,https://gyesanbox.kr/calculators/loan/,대출 원리금 계산,대출 원리금 계산,0,1,0%,21,2026-06-24,2026-08-04,21~50위,계산 방법 검색,데이터 부족,예
대출 이자,https://gyesanbox.kr/calculators/loan/,대출 월납입금 계산,대출 월납입금 계산,0,1,0%,30,2026-06-24,2026-08-04,21~50위,계산 방법 검색,데이터 부족,예
대출 이자,https://gyesanbox.kr/calculators/loan/,만기일시상환 계산기,만기일시상환 계산기,0,1,0%,30,2026-06-24,2026-08-04,21~50위,계산기 직접 검색,데이터 부족,예
전세 vs 월세,https://gyesanbox.kr/calculators/rent-vs-jeonse/,전세대출금리,전세대출금리,0,1,0%,4,2026-06-24,2026-08-04,4~10위,제도·기준 확인,데이터 부족,예
판매자 마진,https://gyesanbox.kr/calculators/seller-margin/,결정값 계산기,결정값 계산기,0,11,0%,9.64,2026-06-24,2026-08-04,4~10위,검색 의도 불명확,관련성 낮음,아니오
판매자 마진,https://gyesanbox.kr/calculators/seller-margin/,판매금액,판매금액,0,10,0%,6.2,2026-06-24,2026-08-04,4~10위,제도·기준 확인,CTR 개선 후보,예
판매자 마진,https://gyesanbox.kr/calculators/seller-margin/,판매가 계산기,판매가 계산기,0,4,0%,23.75,2026-06-24,2026-08-04,21~50위,계산기 직접 검색,콘텐츠 확장 후보,예
판매자 마진,https://gyesanbox.kr/calculators/seller-margin/,판매 수수료 계산기,판매 수수료 계산기,0,3,0%,53,2026-06-24,2026-08-04,51위 이하,계산기 직접 검색,관찰 필요,예
판매자 마진,https://gyesanbox.kr/calculators/seller-margin/,크림 수수료 계산기,크림 수수료 계산기,0,2,0%,8.5,2026-06-24,2026-08-04,4~10위,브랜드·서비스명,데이터 부족,예
판매자 마진,https://gyesanbox.kr/calculators/seller-margin/,원가 계산기,원가 계산기,0,2,0%,64.5,2026-06-24,2026-08-04,51위 이하,계산기 직접 검색,데이터 부족,예
판매자 마진,https://gyesanbox.kr/calculators/seller-margin/,판매 금액,판매 금액,0,1,0%,8,2026-06-24,2026-08-04,4~10위,제도·기준 확인,데이터 부족,예
판매자 마진,https://gyesanbox.kr/calculators/seller-margin/,결정값계산기,결정값계산기,0,1,0%,10,2026-06-24,2026-08-04,4~10위,검색 의도 불명확,관련성 낮음,아니오
부가세,https://gyesanbox.kr/calculators/vat-profit/,부가세 계산기,부가세 계산기,0,2,0%,52.5,2026-06-24,2026-08-04,51위 이하,계산기 직접 검색,데이터 부족,예
부가세,https://gyesanbox.kr/calculators/vat-profit/,세액 계산,세액 계산,0,1,0%,42,2026-06-24,2026-08-04,21~50위,계산 방법 검색,데이터 부족,예
부가세,https://gyesanbox.kr/calculators/vat-profit/,부가세 포함 계산,부가세 포함 계산,0,1,0%,54,2026-06-24,2026-08-04,51위 이하,계산 방법 검색,데이터 부족,예
부가세,https://gyesanbox.kr/calculators/vat-profit/,부가세 계산,부가세 계산,0,1,0%,60,2026-06-24,2026-08-04,51위 이하,계산 방법 검색,데이터 부족,예
